<?xml version="1.0" encoding="UTF-8"?>
<!DOCTYPE module PUBLIC "-//Checkstyle//DTD Check Configuration 1.3//EN" "https://checkstyle.org/dtds/configuration_1_3.dtd">

<!--
    This configuration file was written by the eclipse-cs plugin configuration editor
-->
<!--
    Checkstyle-Configuration: 7786174 Canada Inc
    Description: none
-->
<module name="Checker">
  <property name="severity" value="warning"/>
  <module name="TreeWalker">
   
    <module name="JavadocMethod">
      <property name="severity" value="ignore"/>
      <metadata name="net.sf.eclipsecs.core.lastEnabledSeverity" value="inherit"/>
    </module>
    <module name="JavadocType">
      <property name="severity" value="ignore"/>
      <metadata name="net.sf.eclipsecs.core.lastEnabledSeverity" value="inherit"/>
    </module>
    <module name="JavadocVariable">
      <property name="severity" value="ignore"/>
      <metadata name="net.sf.eclipsecs.core.lastEnabledSeverity" value="inherit"/>
    </module>
    <module name="JavadocStyle">
      <property name="severity" value="ignore"/>
      <metadata name="net.sf.eclipsecs.core.lastEnabledSeverity" value="inherit"/>
    </module>
    <module name="ConstantName">
      <property name="format" value="^[A-Z][A-Z0-9]{2,}(_[A-Z0-9]+)*$"/>
    </module>
    <module name="LocalFinalVariableName">
      <property name="format" value="^[a-z][a-zA-Z0-9]{3,}$"/>
    </module>
    <module name="LocalVariableName">
      <property name="format" value="^[a-z][a-zA-Z0-9]{3,}$"/>
    </module>
    <module name="MemberName">
      <property name="format" value="^[a-z][a-zA-Z0-9]{3,}$"/>
    </module>
    <module name="MethodName">
      <property name="format" value="^[a-z][a-zA-Z0-9]{2,}$"/>
    </module>
    <module name="PackageName">
      <property name="severity" value="ignore"/>
      <metadata name="net.sf.eclipsecs.core.lastEnabledSeverity" value="inherit"/>
    </module>
    <module name="ParameterName">
      <property name="format" value="^[a-z][a-zA-Z0-9]{3,}_$"/>
    </module>
    <module name="StaticVariableName">
      <property name="format" value="^[a-z][a-zA-Z0-9]{3,}$"/>
    </module>
    <module name="TypeName">
      <property name="format" value="^[A-Z][a-zA-Z0-9]{3,}$"/>
    </module>
    <module name="AvoidStarImport">
      <property name="severity" value="error"/>
    </module>
    <module name="IllegalImport">
      <property name="severity" value="error"/>
    </module>
    <module name="RedundantImport">
      <property name="severity" value="error"/>
    </module>
    <module name="UnusedImports">
      <property name="severity" value="error"/>
    </module>
    <module name="LineLength">
      <property name="severity" value="ignore"/>
      <property name="max" value="200"/>
      <metadata name="net.sf.eclipsecs.core.lastEnabledSeverity" value="error"/>
    </module>
    <module name="MethodLength">
      <property name="severity" value="error"/>
      <property name="max" value="100"/>
    </module>
    <module name="ParameterNumber">
      <property name="severity" value="ignore"/>
      <property name="tokens" value="METHOD_DEF"/>
      <metadata name="net.sf.eclipsecs.core.lastEnabledSeverity" value="error"/>
    </module>
    <module name="EmptyForIteratorPad">
      <property name="severity" value="error"/>
    </module>
    <module name="MethodParamPad"/>
    <module name="NoWhitespaceAfter">
      <property name="severity" value="error"/>
      <property name="tokens" value="BNOT,DEC,DOT,INC,LNOT,UNARY_MINUS,UNARY_PLUS"/>
    </module>
    <module name="NoWhitespaceBefore">
      <property name="severity" value="error"/>
    </module>
    <module name="OperatorWrap"/>
    <module name="ParenPad">
      <property name="severity" value="warning"/>
    </module>
    <module name="TypecastParenPad"/>
    <module name="WhitespaceAfter">
      <property name="severity" value="error"/>
    </module>
    <module name="WhitespaceAround">
      <property name="severity" value="error"/>
    </module>
    <module name="ModifierOrder">
      <property name="severity" value="error"/>
    </module>
    <module name="RedundantModifier">
      <property name="severity" value="error"/>
    </module>
    <module name="AvoidNestedBlocks">
      <property name="severity" value="error"/>
    </module>
    <module name="EmptyBlock"/>
    <module name="LeftCurly"/>
    <module name="NeedBraces">
      <property name="severity" value="error"/>
    </module>
    <module name="RightCurly">
      <property name="severity" value="error"/>
    </module>
    <module name="AvoidInlineConditionals">
      <property name="severity" value="ignore"/>
      <metadata name="net.sf.eclipsecs.core.lastEnabledSeverity" value="inherit"/>
    </module>
    <module name="EmptyStatement">
      <property name="severity" value="error"/>
    </module>
    <module name="EqualsHashCode"/>
    <module name="HiddenField"/>
    <module name="IllegalInstantiation"/>
    <module name="InnerAssignment">
      <property name="severity" value="error"/>
    </module>
    <module name="MagicNumber"/>
    <module name="MissingSwitchDefault"/>
    <module name="SimplifyBooleanExpression">
      <property name="severity" value="error"/>
    </module>
    <module name="SimplifyBooleanReturn">
      <property name="severity" value="error"/>
    </module>
    <module name="DesignForExtension"/>
    <module name="FinalClass"/>
    <module name="HideUtilityClassConstructor"/>
    <module name="InterfaceIsType"/>
    <module name="VisibilityModifier">
      <property name="severity" value="error"/>
    </module>
    <module name="ArrayTypeStyle">
      <property name="severity" value="error"/>
    </module>
    <module name="FinalParameters"/>
    <module name="TodoComment">
      <property name="format" value="TODO"/>
    </module>
    <module name="UpperEll">
      <property name="severity" value="error"/>
    </module>
    <module name="StringLiteralEquality">
      <property name="severity" value="error"/>
    </module>
    <module name="CovariantEquals">
      <property name="severity" value="error"/>
    </module>
    <module name="IllegalType">
      <property name="severity" value="error"/>
      <property name="tokens" value="METHOD_DEF,PARAMETER_DEF,VARIABLE_DEF"/>
    </module>
    <module name="MissingCtor">
      <property name="severity" value="error"/>
    </module>
    <module name="MethodLength">
      <property name="severity" value="error"/>
      <property name="max" value="64"/>
    </module>
    <module name="AnonInnerLength">
      <property name="severity" value="error"/>
      <property name="max" value="30"/>
    </module>
    <module name="ExecutableStatementCount">
      <property name="severity" value="error"/>
      <property name="tokens" value="INSTANCE_INIT,STATIC_INIT,METHOD_DEF,CTOR_DEF"/>
    </module>
    <module name="DeclarationOrder"/>
    <module name="IllegalCatch">
      <property name="illegalClassNames" value="java.lang.Throwable, java.lang.RuntimeException"/>
    </module>
    <module name="IllegalThrows">
      <property name="severity" value="error"/>
      <property name="illegalClassNames" value="java.lang.Throwable, java.lang.Error, java.lang.RuntimeException, java.lang.Exception"/>
    </module>
    <module name="IllegalToken">
      <property name="severity" value="error"/>
      <property name="tokens" value="LITERAL_SWITCH,LITERAL_CASE"/>
      <metadata name="com.atlassw.tools.eclipse.checkstyle.comment" value="No switch/case"/>
    </module>
    <module name="ModifiedControlVariable">
      <property name="severity" value="error"/>
    </module>
    <module name="MultipleVariableDeclarations">
      <property name="severity" value="error"/>
    </module>
    <module name="NestedIfDepth">
      <property name="max" value="2"/>
    </module>
    <module name="NestedTryDepth"/>
    <module name="PackageDeclaration">
      <property name="severity" value="error"/>
    </module>
    <module name="ParameterAssignment">
      <property name="severity" value="error"/>
    </module>
    <module name="SuperClone"/>
    <module name="ThrowsCount">
      <property name="max" value="3"/>
    </module>
    <module name="BooleanExpressionComplexity"/>
    <module name="ClassDataAbstractionCoupling">
      <property name="max" value="10"/>
    </module>
    <module name="ClassFanOutComplexity">
      <property name="max" value="30"/>
    </module>
    <module name="CyclomaticComplexity"/>
    <module name="NPathComplexity"/>
    <module name="AbstractClassName">
      <property name="severity" value="ignore"/>
      <metadata name="com.atlassw.tools.eclipse.checkstyle.lastEnabledSeverity" value="error"/>
      <metadata name="net.sf.eclipsecs.core.lastEnabledSeverity" value="inherit"/>
    </module>
    <module name="ExplicitInitialization">
      <property name="severity" value="error"/>
      <metadata name="com.atlassw.tools.eclipse.checkstyle.lastEnabledSeverity" value="error"/>
    </module>
    <module name="UnnecessaryParentheses">
      <property name="severity" value="error"/>
      <metadata name="com.atlassw.tools.eclipse.checkstyle.lastEnabledSeverity" value="error"/>
    </module>
    <module name="MutableException">
      <property name="severity" value="ignore"/>
      <metadata name="com.atlassw.tools.eclipse.checkstyle.lastEnabledSeverity" value="error"/>
      <metadata name="net.sf.eclipsecs.core.lastEnabledSeverity" value="inherit"/>
    </module>
    <module name="ParameterNumber">
      <property name="severity" value="ignore"/>
      <property name="max" value="1"/>
      <property name="tokens" value="CTOR_DEF"/>
      <metadata name="net.sf.eclipsecs.core.lastEnabledSeverity" value="inherit"/>
    </module>
    <module name="EqualsAvoidNull">
      <property name="severity" value="error"/>
    </module>
    <module name="NoFinalizer">
      <property name="severity" value="error"/>
    </module>
    <module name="SuppressionCommentFilter">
      <property name="offCommentFormat" value="CSOFF\: ([\w\|]+)"/>
      <property name="onCommentFormat" value="CSON\: ([\w\|]+)"/>
      <property name="checkFormat" value="$1"/>
    </module>
  </module>
  <module name="NewlineAtEndOfFile"/>
  <module name="Translation"/>
  <module name="FileLength">
    <property name="severity" value="error"/>
    <property name="max" value="800"/>
  </module>
  <module name="FileTabCharacter">
    <property name="severity" value="error"/>
  </module>
  <module name="RegexpSingleline">
    <property name="severity" value="error"/>
    <property name="format" value="\s+$"/>
    <property name="message" value="Line has trailing spaces."/>
  </module>
</module>
